[
    {
        "type": "receive",
        "stateMutability": "payable"
    },
    {
        "type": "function",
        "name": "balanceOf",
        "inputs": [
            {
                "name": "who",
                "type": "address",
                "internalType": "address"
            }
        ],
        "outputs": [
            {
                "name": "",
                "type": "uint256",
                "internalType": "uint256"
            }
        ],
        "stateMutability": "view"
    },
    {
        "type": "function",
        "name": "depositETH",
        "inputs": [],
        "outputs": [],
        "stateMutability": "payable"
    },
    {
        "type": "function",
        "name": "grantPermission",
        "inputs": [
            {
                "name": "Ownable",
                "type": "address",
                "internalType": "address"
            }
        ],
        "outputs": [],
        "stateMutability": "nonpayable"
    },
    {
        "type": "function",
        "name": "ownerWithdraw",
        "inputs": [],
        "outputs": [],
        "stateMutability": "nonpayable"
    },
    {
        "type": "function",
        "name": "userWithdraw",
        "inputs": [],
        "outputs": [],
        "stateMutability": "nonpayable"
    },
    {
        "type": "function",
        "name": "viewBalance",
        "inputs": [],
        "outputs": [
            {
                "name": "",
                "type": "uint256",
                "internalType": "uint256"
            }
        ],
        "stateMutability": "view"
    },
    {
        "type": "function",
        "name": "viewTopThree",
        "inputs": [],
        "outputs": [
            {
                "name": "",
                "type": "address[3]",
                "internalType": "address[3]"
            }
        ],
        "stateMutability": "view"
    },
    {
        "type": "function",
        "name": "viewTotalAmount",
        "inputs": [],
        "outputs": [
            {
                "name": "",
                "type": "uint256",
                "internalType": "uint256"
            }
        ],
        "stateMutability": "view"
    },
    {
        "type": "error",
        "name": "AmountNotEnough",
        "inputs": [
            {
                "name": "amount",
                "type": "uint256",
                "internalType": "uint256"
            }
        ]
    },
    {
        "type": "error",
        "name": "NotContractAddress",
        "inputs": [
            {
                "name": "Ownable",
                "type": "address",
                "internalType": "address"
            }
        ]
    }
]